Proxy Variable,Correlation
PctPopUnderPov,0.4782592430765223
PctUnemployed,0.4266673036820303
medIncome,0.3808655459995324
PctImmigRec5,0.20091969413985394
