,CRI_EqualWeights,CRI_PCAWeights,CRI_StakeholderWeights
count,2215.0,2215.0,2215.0
mean,0.5583759727743054,0.34434103355807166,0.564236711335026
std,0.07427723803369014,0.08589582820993695,0.08025438890389046
min,0.27323135375225704,0.1485799496138355,0.23494422108774754
25%,0.5035334675165168,0.275732489983372,0.5116416118106264
50%,0.5611795593824138,0.3702304808323167,0.5681001025842283
75%,0.6167288946812726,0.4046641013573666,0.6253487515876508
max,0.8049376909216714,0.583356728755526,0.8422216654840232
