Crime_Cluster_KMeans,murders,murdPerPop,rapes,rapesPerPop,robberies,robbbPerPop,assaults,assaultPerPop,burglaries,burglPerPop,larcenies,larcPerPop,autoTheft,autoTheftPerPop,arsons,arsonsPerPop,ViolentCrimesPerPop,nonViolPerPop
0,0.40198633913827764,2.9731896042528057,1.6564764371142235,25.6694683992912,2.3565038518981383,73.53286473715298,3.4360899117333195,231.024651506202,4.929414493478246,731.1508476077968,6.307571770202777,2809.687767277023,3.8647121541316665,292.13592439456585,1.4395253874617733,21.473266391021852,345.2772179562906,3866.0082575310103
1,1.6903757546813867,11.263700564971751,3.1517970511521463,54.85571563088512,4.6795748648548265,311.11282485875705,5.435839303447021,646.0824529190206,6.536005641210498,1567.6194868173259,7.634836690029957,4520.366676082863,5.65396717007057,747.2720150659134,2.8624283882032144,48.21707156308851,971.1137664783427,6817.868050847458
