Housing_Cluster_KMeans,PersPerFam,PctFam2Par,PctLargHouseFam,PersPerRentOccHous,PctPersDenseHous,PctHousOccup,PctVacantBoarded,PctHousNoPhone,PctWOFullPlumb,OwnOccQrange,RentQrange,NumInShelters,PctSameHouse85,PctUsePubTrans
0,3.0643847487001734,77.04917388792605,4.0212131715771235,2.2317735413056035,2.2080127094165225,93.74172732524552,1.8124090121317158,2.967590987868284,0.3150895436164067,10.807055881435769,5.241731472276297,1.127533137292551,52.518977469670716,2.8504968226458693
1,3.21587890625,66.50888671875,7.4770703125,2.573486328125,7.203759765625,91.625107421875,4.63732421875,7.37732421875,0.63564453125,10.625284460024135,5.1277894194721405,2.599828201530059,48.43314453125,3.188720703125
