,medIncome,pctWSocSec,pctWPubAsst,PctPopUnderPov,PctUnemployed
medIncome,1.0,-0.40737801745857877,-0.6330086268912962,-0.7583720098014904,-0.6146940057679641
pctWSocSec,-0.40737801745857877,1.0,0.3061805746749212,0.2466587505009301,0.29143320793015043
pctWPubAsst,-0.6330086268912962,0.3061805746749212,1.0,0.7883513437352442,0.8522214944071121
PctPopUnderPov,-0.7583720098014904,0.2466587505009301,0.7883513437352442,1.0,0.772726015346957
PctUnemployed,-0.6146940057679641,0.29143320793015043,0.8522214944071121,0.772726015346957,1.0
