Income_Cluster_KMeans,medIncome,pctWSocSec,pctWPubAsst,PctPopUnderPov,PctUnemployed
0,-0.6649960681011824,28.80487100737101,9.275460687960688,16.77548525798526,7.401093366093366
1,1.4018400994926452,23.12299023957409,3.8595119787045253,5.6917302573203195,4.2837888198757765
