community_name,composite_score
Hillsboroughtown,0.8422216654840232
Winnetkavillage,0.8251206530249634
ParadiseValleytown,0.8011623375680437
PalosVerdesEstatescity,0.7902181917296498
Westontown,0.7763395972507432
SanMarinocity,0.7727818143901488
Darientown,0.7643670825351649
Saratogacity,0.7578307994400988
NewCanaantown,0.7511184377228042
Orindacity,0.7471130095255837
