community_name,composite_score
Bridgeporttown,0.325325920828168
Newarkcity,0.325083493200828
Garycity,0.3187527824600149
Youngstowncity,0.3151105962469103
Hartfordtown,0.3148756507905725
AtlanticCitycity,0.3027045132145908
HighlandParkcity,0.3020435078423936
BentonHarborcity,0.2986873679456128
Chestercity,0.273298870003627
Camdencity,0.2349442210877475
