Weighting Method,Mean,Median,Std Dev,Min,Max
Equal Weights,0.5583759727743054,0.5611795593824138,0.07427723803369014,0.273231353752257,0.8049376909216714
PCA Weights,0.34434103355807166,0.3702304808323167,0.08589582820993696,0.1485799496138355,0.583356728755526
Stakeholder Weights,0.564236711335026,0.5681001025842283,0.08025438890389046,0.2349442210877475,0.8422216654840232
