Pillar,Optimal_Clusters,Best_Silhouette_Score,Rand_Index,Stability_Score
Demographics,3,0.421000898742522,0.6555390505754772,0.9912383063603901
Income,2,0.5973773676417431,0.9820123932298969,1.0
Housing,2,0.2780909600604836,0.4234542883080671,0.9978219550688913
Crime,2,0.45212938431757094,0.468792987566905,0.9992733615352083
