Demographics_Cluster_KMeans,population,racepctblack,racePctWhite,racePctAsian,racePctHisp,pctUrban,PctImmigRec5,PctRecentImmig,PctNotSpeakEnglWell
0,81219.86945169713,33.44997389033943,62.88856396866841,1.334934725848564,4.319947780678851,65.27945169712794,25.36793733681462,0.678041775456919,1.4046997389033942
1,109286.91590493602,8.35619744058501,74.90500914076783,6.451352833638025,21.548263254113344,84.92138939670933,27.74877513711152,3.007330895795247,6.64798903107861
2,30869.44109589041,5.992597260273972,90.23524931506849,1.642131506849315,3.892586301369863,64.50630684931507,18.250038356164385,0.5627945205479452,1.1671342465753425
